Título;Gênero;Rótulos de Gênero;Pré-estreia;Temporadas;Temporadas Analisadas;Episódios Analisados;Duração;Duração Mínima;Duração Máxima;Status;Ativo;Tabela;Linguagem;Data de Inclusão;Data de Alteração
Luke Cage;neo-blaxploitation/neo-western;neo-blaxploitation,neo-western;2016-09-30;2 seasons, 26 episodes;2;26;46–69 min.;46;69;Ended;0;Marvel;English;2021-03-16T18:20:24.167-03:00;2022-11-02T21:43:18.061-03:00
First and Last;reality;reality;2018-09-07;1 season, 6 episodes;1;6;38–43 min.;38;43;Pending;1;Reality;English;2021-03-16T18:20:24.167-03:00;2022-11-02T21:43:18.061-03:00
Sacred Games;drama;drama;2018-07-06;1 season, 8 episodes;1;8;43–55 min.;43;55;Renewed;1;ForeignLanguage;Hindi;2021-03-16T18:20:24.167-03:00;2022-11-02T21:43:18.061-03:00
Flinch;reality television/game show;reality,television,game,show;2019-05-03;1 season, 10 episodes;1;10;20–25 min.;20;25;Pending;1;Reality;English;2021-03-16T18:20:24.167-03:00;2022-11-02T21:43:18.061-03:00
W/ Bob & David;sketch comedy;sketch,comedy;2015-11-13;1 season, 5 episodes;1;5;27–33 min.;27;33;Ended;0;Comedy;English;2021-03-16T18:20:24.167-03:00;2022-11-02T21:43:18.061-03:00
Word Party;childrens-animation;childrens-animation;2016-07-08;3 seasons, 40 episodes;3;40;13 min.;13;13;Renewed;1;Children;English;2021-03-16T18:20:24.167-03:00;2022-11-02T21:43:18.061-03:00
Dead to Me;dark comedy-drama;dark,comedy-drama;2019-05-03;1 season, 10 episodes;1;10;26–33 min.;26;33;Renewed;1;Comedy;English;2021-03-16T18:20:24.167-03:00;2022-11-02T21:43:18.061-03:00
Terrorism Close Calls;docu-series;docu-series;2018-10-26;1 season, 10 episodes;1;10;47–49 min.;47;49;Pending;1;DocuSeries;English;2021-03-16T18:20:24.167-03:00;2022-11-02T21:43:18.061-03:00
Bill Nye Saves the World;science;science;2017-04-21;3 seasons, 25 episodes;3;25;26–41 min.;26;41;Ended;0;VarietyTalk;English;2021-03-16T18:20:24.167-03:00;2022-11-02T21:43:18.061-03:00
Cooking on High;cooking show;cooking,show;2018-06-22;1 season, 12 episodes;1;12;13–15 min.;13;15;Ended;0;Reality;English;2021-03-16T18:20:24.167-03:00;2022-11-02T21:43:18.061-03:00
All About the Washingtons;comedy;comedy;2018-08-10;1 season, 10 episodes;1;10;22–27 min.;22;27;Ended;0;Comedy;English;2021-03-16T18:20:24.167-03:00;2022-11-02T21:43:18.061-03:00
Wormwood;psychological drama;psychological,drama;2017-12-15;6 chapters;0;0;41–48 min.;41;48;Miniseries;0;DocuSeries;English;2021-03-16T18:20:24.167-03:00;2022-11-02T21:43:18.061-03:00
Altered Carbon;science fiction;science-fiction;2018-02-02;1 season, 10 episodes;1;10;46–66 min.;46;66;Renewed;1;Drama;English;2021-03-16T18:20:24.167-03:00;2022-11-02T21:43:18.061-03:00
The Boss Baby: Back in Business;childrens-animation;childrens-animation;2018-04-06;2 seasons, 26 episodes;2;26;24 min.;24;24;Pending;1;Children;English;2021-03-16T18:20:24.167-03:00;2022-11-02T21:43:18.061-03:00
Leila;drama;drama;2019-06-14;1 season, 6 episodes;1;6;40–54 min.;40;54;Pending;1;ForeignLanguage;Hindi;2021-03-16T18:20:24.167-03:00;2022-11-02T21:43:18.061-03:00
November 13: Attack on Paris;documentary;documentary;2018-06-01;3 episodes;0;3;47–59 min.;47;59;Miniseries;0;DocuSeries;English;2021-03-16T18:20:24.167-03:00;2022-11-02T21:43:18.061-03:00
Haters Back Off;comedy;comedy;2016-10-14;2 seasons, 16 episodes;2;16;24–36 min.;24;36;Ended;0;Comedy;English;2021-03-16T18:20:24.167-03:00;2022-11-02T21:43:18.061-03:00
Estocolmo;crime drama;crime,drama;2016-11-11;1 season, 13 episodes;1;13;37–49 min.;37;49;Ended;0;ForeignLanguage;Spanish;2021-03-16T18:20:24.167-03:00;2022-11-02T21:43:18.061-03:00
Car Masters: Rust to Riches;motoring television series;motoring,television,series;2018-09-14;1 season, 8 episodes;1;8;31–40 min.;31;40;Pending;1;Reality;English;2021-03-16T18:20:24.167-03:00;2022-11-02T21:43:18.061-03:00
Chelsea;late-night;late-night;2016-05-11;2 seasons, 120 episodes;2;120;27–64 min.;27;64;Ended;0;VarietyTalk;English;2021-03-16T18:20:24.167-03:00;2022-11-02T21:43:18.061-03:00
My Next Guest Needs No Introduction with David Letterman;interview;interview;2018-01-12;2 seasons, 12 episodes;2;12;41–58 min.;41;58;Pending;1;VarietyTalk;English;2021-03-16T18:20:24.167-03:00;2022-11-02T21:43:18.061-03:00
Busted!;korean language variety show;korean,language,variety,show;2018-05-04;1 season, 10 episodes;1;10;75–98 min.;75;98;Renewed;1;VarietyTalk;Korean;2021-03-16T18:20:24.167-03:00;2022-11-02T21:43:18.061-03:00
Friends from College;comedy;comedy;2017-07-14;2 seasons, 16 episodes;2;16;26–34 min.;26;34;Ended;0;Comedy;English;2021-03-16T18:20:24.167-03:00;2022-11-02T21:43:18.061-03:00
Pinky Malinky;childrens-animation;childrens-animation;2019-01-01;2 parts, 44 episodes;0;44;12–23 min.;12;23;Renewed;1;Children;English;2021-03-16T18:20:24.167-03:00;2022-11-02T21:43:18.061-03:00
Explained;docu-series;docu-series;2018-05-23;1 season, 20 episodes;1;20;14–20 min.;14;20;Renewed;1;DocuSeries;English;2021-03-16T18:20:24.167-03:00;2022-11-02T21:43:18.061-03:00
Our Planet;nature documentary;nature,documentary;2019-04-05;8 episodes;0;8;49–54 min.;49;54;Miniseries;0;DocuSeries;English;2021-03-16T18:20:24.167-03:00;2022-11-02T21:43:18.061-03:00
Battlefish;reality;reality;2018-09-21;1 season, 8 episodes;1;8;38–46 min.;38;46;Pending;1;Reality;English;2021-03-16T18:20:24.167-03:00;2022-11-02T21:43:18.061-03:00
Dinotrux;childrens-animation;childrens-animation;2015-08-14;5 seasons, 52 episodes;5;52;23 min.;23;23;Ended;0;Children;English;2021-03-16T18:20:24.167-03:00;2022-11-02T21:43:18.061-03:00
Dark;science fiction;science-fiction;2017-12-01;2 seasons, 18 episodes;2;18;45–61 min.;45;61;Renewed;1;ForeignLanguage;German;2021-03-16T18:20:24.167-03:00;2022-11-02T21:43:18.061-03:00
Shot in the Dark;true crime;true,crime;2017-11-17;1 season, 8 episodes;1;8;34–41 min.;34;41;Ended;0;DocuSeries;English;2021-03-16T18:20:24.167-03:00;2022-11-02T21:43:18.061-03:00
Turbo Fast;childrens-animation;childrens-animation;2013-12-24;3 seasons, 52 episodes;3;52;23 min.;23;23;Ended;0;Children;English;2021-03-16T18:20:24.167-03:00;2022-11-02T21:43:18.061-03:00
No Good Nick;sitcom;sitcom;2019-04-15;1 part, 10 episodes;0;10;26–32 min.;26;32;Renewed;1;Children;English;2021-03-16T18:20:24.167-03:00;2022-11-02T21:43:18.061-03:00
Flaked;comedy;comedy;2016-03-11;2 seasons, 14 episodes;2;14;30–34 min.;30;34;Ended;0;Comedy;English;2021-03-16T18:20:24.167-03:00;2022-11-02T21:43:18.061-03:00
F Is for Family;sitcom;sitcom;2015-12-18;3 seasons, 26 episodes;3;26;25–28 min.;25;28;Renewed;1;Animation;English;2021-03-16T18:20:24.167-03:00;2022-11-02T21:43:18.061-03:00
VeggieTales in the House;childrens-animation;childrens-animation;2014-11-26;4 seasons, 52 episodes;4;52;23 min.;23;23;Ended;0;Children;English;2021-03-16T18:20:24.167-03:00;2022-11-02T21:43:18.061-03:00
Fearless;sport;sport;2016-08-19;6 episodes;0;6;50–58 min.;50;58;Miniseries;0;DocuSeries;English;2021-03-16T18:20:24.167-03:00;2022-11-02T21:43:18.061-03:00
Medal of Honor;docu-series;docu-series;2018-11-09;1 season, 8 episodes;1;8;46–61 min.;46;61;Pending;1;DocuSeries;English;2021-03-16T18:20:24.167-03:00;2022-11-02T21:43:18.061-03:00
The Hook Up Plan;romantic comedy;romantic,comedy;2018-12-07;1 season, 8 episodes;1;8;24–29 min.;24;29;Renewed;1;ForeignLanguage;French;2021-03-16T18:20:24.167-03:00;2022-11-02T21:43:18.061-03:00
My First First Love;romantic comedy;romantic,comedy;2019-04-18;1 season, 8 episodes;1;8;46–56 min.;46;56;Renewed;1;ForeignLanguage;Korean;2021-03-16T18:20:24.167-03:00;2022-11-02T21:43:18.061-03:00
Roman Empire;historical drama;historical,drama;2016-11-11;3 seasons, 15 episodes;3;15;38–48 min.;38;48;Pending;1;DocuSeries;English;2021-03-16T18:20:24.167-03:00;2022-11-02T21:43:18.061-03:00
Disjointed;comedy;comedy;2017-08-25;2 parts, 20 episodes;0;20;23–32 min.;23;32;Ended;0;Comedy;English;2021-03-16T18:20:24.167-03:00;2022-11-02T21:43:18.061-03:00
How to Sell Drugs Online (Fast);dark comedy;dark,comedy;2019-05-31;1 season, 6 episodes;1;6;24–32 min.;24;32;Pending;1;ForeignLanguage;German;2021-03-16T18:20:24.167-03:00;2022-11-02T21:43:18.061-03:00
Killer Ratings;docu-series;docu-series;2019-05-31;1 season, 7 episodes;1;7;42–58 min.;42;58;Pending;1;DocuSeries;English;2021-03-16T18:20:24.167-03:00;2022-11-02T21:43:18.061-03:00
Wet Hot American Summer: Ten Years Later;satirical comedy;satirical,comedy;2017-08-04;8 episodes;0;8;24–31 min.;24;31;Miniseries;0;Comedy;English;2021-03-16T18:20:24.167-03:00;2022-11-02T21:43:18.061-03:00
Family Reunion[64];comedy;comedy;2019-07-10;a ser anunciado;0;0;TBA;0;0;Pending;1;Comedy;English;2021-03-16T18:20:24.167-03:00;2022-11-02T21:43:18.061-03:00
Godless;western;western;2017-11-22;7 episodes;0;7;41–80 min.;41;80;Miniseries;0;Drama;English;2021-03-16T18:20:24.167-03:00;2022-11-02T21:43:18.061-03:00
Seven Seconds;crime drama;crime,drama;2018-02-23;1 season, 10 episodes;1;10;54–80 min.;54;80;Ended;0;Drama;English;2021-03-16T18:20:24.167-03:00;2022-11-02T21:43:18.061-03:00
The Ranch;sitcom;sitcom;2016-04-01;6 parts, 60 episodes;0;60;25–36 min.;25;36;Renewed;1;Comedy;English;2021-03-16T18:20:24.167-03:00;2022-11-02T21:43:18.061-03:00
Crime Diaries: The Candidate;crime anthology series;crime,anthology,series;2019-03-22;8 episodes;0;8;32–48 min.;32;48;Miniseries;0;ForeignLanguage;Spanish;2021-03-16T18:20:24.167-03:00;2022-11-02T21:43:18.061-03:00
Trigger Warning with Killer Mike;docu-series;docu-series;2019-01-18;1 season, 6 episodes;1;6;22–27 min.;22;27;Pending;1;DocuSeries;English;2021-03-16T18:20:24.167-03:00;2022-11-02T21:43:18.061-03:00
Sugar Rush;baking competition;baking,competition;2018-07-13;1 season, 8 episodes;1;8;51–55 min.;51;55;Renewed;1;Reality;English;2021-03-16T18:20:24.167-03:00;2022-11-02T21:43:18.061-03:00
Chilling Adventures of Sabrina;supernatural coming-of-age horror;supernatural,coming-of-age,horror;2018-10-26;2 parts, 20 episodes;0;20;50–64 min.;50;64;Renewed;1;Drama;English;2021-03-16T18:20:24.167-03:00;2022-11-02T21:43:18.061-03:00
Lost Song;musical fantasy;musical,fantasy;2018-03-31;1 season, 12 episodes;1;12;23–24 min.;23;24;Ended;0;Anime;English;2021-03-16T18:20:24.167-03:00;2022-11-02T21:43:18.061-03:00
Ultraman;science fiction;science-fiction;2019-04-01;1 season, 13 episodes;1;13;23–25 min.;23;25;Renewed;1;Anime;English;2021-03-16T18:20:24.167-03:00;2022-11-02T21:43:18.061-03:00
The Chosen One;thriller drama;thriller,drama;2019-06-28;a ser anunciado;0;0;TBA;0;0;Pending;1;ForeignLanguage;Portuguese;2021-03-16T18:20:24.167-03:00;2022-11-02T21:43:18.061-03:00
Five Came Back;historical drama;historical,drama;2017-03-31;3 episodes;0;3;59–69 min.;59;69;Miniseries;0;DocuSeries;English;2021-03-16T18:20:24.167-03:00;2022-11-02T21:43:18.061-03:00
Iron Fist;martial arts/business drama;martial,arts,business,drama;2017-03-17;2 seasons, 23 episodes;2;23;49–61 min.;49;61;Ended;0;Marvel;English;2021-03-16T18:20:24.167-03:00;2022-11-02T21:43:18.061-03:00
Rilakkuma and Kaoru;stop motion slice of life;stop,motion,slice,of,life;2019-04-19;1 season, 13 episodes;1;13;11–14 min.;11;14;Pending;1;Anime;English;2021-03-16T18:20:24.167-03:00;2022-11-02T21:43:18.061-03:00
Girls Incarcerated;documentary;documentary;2018-03-02;2 seasons, 16 episodes;2;16;37–47 min.;37;47;Pending;1;DocuSeries;English;2021-03-16T18:20:24.167-03:00;2022-11-02T21:43:18.061-03:00
Luna Petunia;childrens-animation;childrens-animation;2016-12-09;3 seasons, 22 episodes;3;22;23–24 min.;23;24;Ended;0;Children;English;2021-03-16T18:20:24.167-03:00;2022-11-02T21:43:18.061-03:00
We're Lalaloopsy;childrens-animation;childrens-animation;2017-01-10;1 season, 13 episodes;1;13;22 min.;22;22;Ended;0;Children;English;2021-03-16T18:20:24.167-03:00;2022-11-02T21:43:18.061-03:00
Hemlock Grove;horror/thriller;horror,thriller;2013-04-19;3 seasons, 33 episodes;3;33;45–58 min.;45;58;Ended;0;Drama;English;2021-03-16T18:20:24.167-03:00;2022-11-02T21:43:18.061-03:00
GLOW;comedy;comedy;2017-06-23;2 seasons, 20 episodes;2;20;27–46 min.;27;46;Renewed;1;Comedy;English;2021-03-16T18:20:24.167-03:00;2022-11-02T21:43:18.061-03:00
First Team: Juventus;sport;sport;2018-02-16;2 parts, 6 episodes;0;6;37–42 min.;37;42;Pending;1;DocuSeries;English;2021-03-16T18:20:24.167-03:00;2022-11-02T21:43:18.061-03:00
Love;romantic comedy;romantic,comedy;2016-02-19;3 seasons, 34 episodes;3;34;24–40 min.;24;40;Ended;0;Comedy;English;2021-03-16T18:20:24.167-03:00;2022-11-02T21:43:18.061-03:00
Family Business;comedy;comedy;2019-06-28;a ser anunciado;0;0;29 min.;0;0;Pending;1;ForeignLanguage;French;2021-03-16T18:20:24.167-03:00;2022-11-02T21:43:18.061-03:00
Ozark;crime drama;crime,drama;2017-07-21;2 seasons, 20 episodes;2;20;52–80 min.;52;80;Renewed;1;Drama;English;2021-03-16T18:20:24.167-03:00;2022-11-02T21:43:18.061-03:00
Another Life;science-fiction;science-fiction;2019-07-25;a ser anunciado;0;0;TBA;0;0;Pending;1;Drama;English;2021-03-16T18:20:24.167-03:00;2022-11-02T21:43:18.061-03:00
The Naked Director;drama;drama;2019-08-08;a ser anunciado;0;0;TBA;0;0;Pending;1;ForeignLanguage;Japanese;2021-03-16T18:20:24.167-03:00;2022-11-02T21:43:18.061-03:00
Losers;sport;sport;2019-03-01;1 collection, 8 episodes;0;8;25–37 min.;25;37;Pending;1;DocuSeries;English;2021-03-16T18:20:24.167-03:00;2022-11-02T21:43:18.061-03:00
Amazing Interiors;reality;reality;2018-07-20;1 season, 12 episodes;1;12;21–28 min.;21;28;Pending;1;Reality;English;2021-03-16T18:20:24.167-03:00;2022-11-02T21:43:18.061-03:00
Rapture;documentary;documentary;2018-03-30;1 season, 8 episodes;1;8;52–63 min.;52;63;Ended;0;DocuSeries;English;2021-03-16T18:20:24.167-03:00;2022-11-02T21:43:18.061-03:00
Super Monsters;childrens-animation;childrens-animation;2017-10-13;2 seasons, 16 episodes;2;16;22–23 min.;22;23;Renewed;1;Children;English;2021-03-16T18:20:24.167-03:00;2022-11-02T21:43:18.061-03:00
Selection Day;drama;drama;2018-12-28;1 season, 12 episodes;1;12;19–28 min.;19;28;Pending;1;ForeignLanguage;Hindi;2021-03-16T18:20:24.167-03:00;2022-11-02T21:43:18.061-03:00
Marching Orders;docu-series;docu-series;2018-08-03;1 season, 12 episodes;1;12;9–14 min.;9;14;Pending;1;DocuSeries;English;2021-03-16T18:20:24.167-03:00;2022-11-02T21:43:18.061-03:00
Lego Bionicle: The Journey to One;childrens-animation;childrens-animation;2016-03-04;2 seasons, 5 episodes;2;5;22 min.;22;22;Ended;0;Children;English;2021-03-16T18:20:24.167-03:00;2022-11-02T21:43:18.061-03:00
Julie's Greenroom;educational;educational;2017-03-17;1 season, 13 episodes;1;13;27–34 min.;27;34;Ended;0;Children;English;2021-03-16T18:20:24.167-03:00;2022-11-02T21:43:18.061-03:00
Cable Girls;period drama;period,drama;2017-04-28;3 seasons, 24 episodes;3;24;41–63 min.;41;63;Renewed;1;ForeignLanguage;Spanish;2021-03-16T18:20:24.167-03:00;2022-11-02T21:43:18.061-03:00
Jinn;fantasy adventure;fantasy,adventure;2019-06-13;1 season, 5 episodes;1;5;25–47 min.;25;47;Pending;1;ForeignLanguage;Arabic;2021-03-16T18:20:24.167-03:00;2022-11-02T21:43:18.061-03:00
Follow This;docu-series;docu-series;2018-08-23;3 parts, 20 episodes;0;20;15–20 min.;15;20;Ended;0;DocuSeries;English;2021-03-16T18:20:24.167-03:00;2022-11-02T21:43:18.061-03:00
Love, Death & Robots;anthology;anthology;2019-03-15;1 volume, 18 episodes;0;18;6–17 min.;6;17;Renewed;1;Animation;English;2021-03-16T18:20:24.167-03:00;2022-11-02T21:43:18.061-03:00
Sintonia;drama;drama;2019-08-09;a ser anunciado;0;0;TBA;0;0;Pending;1;ForeignLanguage;Portuguese;2021-03-16T18:20:24.167-03:00;2022-11-02T21:43:18.061-03:00
Daughters of Destiny;documentary;documentary;2017-07-28;4 episodes;0;4;56–65 min.;56;65;Miniseries;0;DocuSeries;English;2021-03-16T18:20:24.167-03:00;2022-11-02T21:43:18.061-03:00
Sex Education;coming-of-age comedy-drama;coming-of-age,comedy-drama;2019-01-11;1 season, 8 episodes;1;8;47–53 min.;47;53;Renewed;1;Comedy;English;2021-03-16T18:20:24.167-03:00;2022-11-02T21:43:18.061-03:00
The Hollow;childrens-animation;childrens-animation;2018-06-08;1 season, 10 episodes;1;10;24 min.;24;24;Renewed;1;Children;English;2021-03-16T18:20:24.167-03:00;2022-11-02T21:43:18.061-03:00
The Protector;supernatural mystery;supernatural,mystery;2018-12-14;2 seasons, 18 episodes;2;18;31–51 min.;31;51;Renewed;1;ForeignLanguage;Turkish;2021-03-16T18:20:24.167-03:00;2022-11-02T21:43:18.061-03:00
Easy;romantic comedy anthology;romantic,comedy,anthology;2016-09-22;3 seasons, 25 episodes;3;25;26–52 min.;26;52;Ended;0;Comedy;English;2021-03-16T18:20:24.167-03:00;2022-11-02T21:43:18.061-03:00
Made In Mexico;spanish language reality series;spanish,language,reality,series;2018-09-28;1 season, 8 episodes;1;8;45–54 min.;45;54;Pending;1;Reality;English;2021-03-16T18:20:24.167-03:00;2022-11-02T21:43:18.061-03:00
Prince of Peoria;sitcom;sitcom;2018-11-16;2 parts, 16 episodes;0;16;24–28 min.;24;28;Pending;1;Children;English;2021-03-16T18:20:24.167-03:00;2022-11-02T21:43:18.061-03:00
True: Magical Friends;childrens-animation;childrens-animation;2018-06-15;1 season, 5 episodes;1;5;24 min.;24;24;Ended;0;Children;English;2021-03-16T18:20:24.167-03:00;2022-11-02T21:43:18.061-03:00
Élite;crime teen drama;crime,teen,drama;2018-10-05;1 season, 8 episodes;1;8;47–56 min.;47;56;Renewed;1;ForeignLanguage;Spanish;2021-03-16T18:20:24.167-03:00;2022-11-02T21:43:18.061-03:00
Street Food;culinary art;culinary,art;2019-04-26;1 season, 9 episodes;1;9;30–34 min.;30;34;Pending;1;DocuSeries;English;2021-03-16T18:20:24.167-03:00;2022-11-02T21:43:18.061-03:00
I Think You Should Leave with Tim Robinson;sketch comedy;sketch,comedy;2019-04-23;1 season, 6 episodes;1;6;16–18 min.;16;18;Renewed;1;Comedy;English;2021-03-16T18:20:24.167-03:00;2022-11-02T21:43:18.061-03:00
The Disappearance of Madeleine McCann;true crime;true,crime;2019-03-15;8 episodes;0;8;43–65 min.;43;65;Miniseries;0;DocuSeries;English;2021-03-16T18:20:24.167-03:00;2022-11-02T21:43:18.061-03:00
She-Ra and the Princesses of Power;childrens-animation;childrens-animation;2018-11-13;2 seasons, 20 episodes;2;20;24 min.;24;24;Renewed;1;Children;English;2021-03-16T18:20:24.167-03:00;2022-11-02T21:43:18.061-03:00
The Final Table;culinary competition;culinary,competition;2018-11-20;1 season, 10 episodes;1;10;48–60 min.;48;60;Pending;1;Reality;English;2021-03-16T18:20:24.167-03:00;2022-11-02T21:43:18.061-03:00
Grace and Frankie;comedy-drama;comedy-drama;2015-05-08;5 seasons, 65 episodes;5;65;25–35 min.;25;35;Renewed;1;Comedy;English;2021-03-16T18:20:24.167-03:00;2022-11-02T21:43:18.061-03:00
Coach Snoop;sport;sport;2018-02-02;1 season, 8 episodes;1;8;28–30 min.;28;30;Ended;0;DocuSeries;English;2021-03-16T18:20:24.167-03:00;2022-11-02T21:43:18.061-03:00
Stranger Things;science fiction/horror;science-fiction,horror;2016-07-15;2 seasons, 17 episodes;2;17;42–62 min.;42;62;Renewed;1;Drama;English;2021-03-16T18:20:24.167-03:00;2022-11-02T21:43:18.061-03:00
Lost in Space;science fiction;science-fiction;2018-04-13;1 season, 10 episodes;1;10;48–66 min.;48;66;Renewed;1;Drama;English;2021-03-16T18:20:24.167-03:00;2022-11-02T21:43:18.061-03:00
She's Gotta Have It;comedy-drama;comedy-drama;2017-11-23;2 seasons, 19 episodes;2;19;32–38 min.;32;38;Pending;1;Comedy;English;2021-03-16T18:20:24.167-03:00;2022-11-02T21:43:18.061-03:00
Baki;martial arts;martial,arts;2018-06-25;2 parts, 26 episodes;0;26;23–24 min.;23;24;Renewed;1;Anime;English;2021-03-16T18:20:24.167-03:00;2022-11-02T21:43:18.061-03:00
Dinotrux Supercharged;childrens-animation;childrens-animation;2017-11-10;3 seasons, 26 episodes;3;26;24 min.;24;24;Ended;0;Children;English;2021-03-16T18:20:24.167-03:00;2022-11-02T21:43:18.061-03:00
Wild District;crime drama;crime,drama;2018-10-19;1 season, 10 episodes;1;10;40–48 min.;40;48;Renewed;1;ForeignLanguage;Spanish;2021-03-16T18:20:24.167-03:00;2022-11-02T21:43:18.061-03:00
The Punisher;crime drama/conspiracy thriller;crime,drama,conspiracy,thriller;2017-11-17;2 seasons, 26 episodes;2;26;47–58 min.;47;58;Ended;0;Marvel;English;2021-03-16T18:20:24.167-03:00;2022-11-02T21:43:18.061-03:00
Netflix Presents: The Characters;sketch comedy;sketch,comedy;2016-03-11;1 season, 8 episodes;1;8;27–38 min.;27;38;Ended;0;Comedy;English;2021-03-16T18:20:24.167-03:00;2022-11-02T21:43:18.061-03:00
Making a Murderer;crime drama;crime,drama;2015-12-18;2 parts, 20 episodes;0;20;47–77 min.;47;77;Pending;1;DocuSeries;English;2021-03-16T18:20:24.167-03:00;2022-11-02T21:43:18.061-03:00
One Day at a Time;sitcom;sitcom;2017-01-06;3 seasons, 39 episodes;3;39;25–35 min.;25;35;Ended;0;Comedy;English;2021-03-16T18:20:24.167-03:00;2022-11-02T21:43:18.061-03:00
7 Seeds;science fiction;science-fiction;2019-06-28;a ser anunciado;0;0;TBA;0;0;Pending;1;Anime;English;2021-03-16T18:20:24.167-03:00;2022-11-02T21:43:18.061-03:00
All Hail King Julien;childrens-animation;childrens-animation;2014-12-19;5 seasons, 65 episodes;5;65;23 min.;23;23;Ended;0;Children;English;2021-03-16T18:20:24.167-03:00;2022-11-02T21:43:18.061-03:00
Club de Cuervos;comedy-drama;comedy-drama;2015-08-07;4 seasons, 45 episodes;4;45;36–94 min.;36;94;Ended;0;ForeignLanguage;Spanish;2021-03-16T18:20:24.167-03:00;2022-11-02T21:43:18.061-03:00
Bonding;dark comedy;dark,comedy;2019-04-24;1 season, 7 episodes;1;7;13–17 min.;13;17;Pending;1;Comedy;English;2021-03-16T18:20:24.167-03:00;2022-11-02T21:43:18.061-03:00
Osmosis;science fiction/drama;science-fiction,drama;2019-03-29;1 season, 8 episodes;1;8;41–45 min.;41;45;Pending;1;ForeignLanguage;French;2021-03-16T18:20:24.167-03:00;2022-11-02T21:43:18.061-03:00
Salt, Fat, Acid, Heat;travel documentary;travel,documentary;2018-10-11;4 episodes;0;4;40–48 min.;40;48;Miniseries;0;DocuSeries;English;2021-03-16T18:20:24.167-03:00;2022-11-02T21:43:18.061-03:00
13 Reasons Why: Beyond the Reasons;interview;interview;2017-03-31;2 seasons, 2 episodes;2;2;29–67 min.;29;67;Pending;1;DocuSeries;English;2021-03-16T18:20:24.167-03:00;2022-11-02T21:43:18.061-03:00
True Tunes;chrildrens musical short;chrildrens,musical,short;2019-07-12;a ser anunciado;0;0;TBA;0;0;Pending;1;Children;English;2021-03-16T18:20:24.167-03:00;2022-11-02T21:43:18.061-03:00
Dawn of the Croods;childrens-animation;childrens-animation;2015-12-24;4 seasons, 52 episodes;4;52;23 min.;23;23;Ended;0;Children;English;2021-03-16T18:20:24.167-03:00;2022-11-02T21:43:18.061-03:00
When They See Us;drama;drama;2019-05-31;4 episodes;0;4;64–88 min.;64;88;Miniseries;0;Drama;English;2021-03-16T18:20:24.167-03:00;2022-11-02T21:43:18.061-03:00
Santa Clarita Diet;comedy-horror;comedy-horror;2017-02-03;3 seasons, 30 episodes;3;30;26–35 min.;26;35;Ended;0;Comedy;English;2021-03-16T18:20:24.167-03:00;2022-11-02T21:43:18.061-03:00
Knights of the Zodiac: Saint Seiya;action;action;2019-07-19;a ser anunciado;0;0;TBA;0;0;Pending;1;Anime;English;2021-03-16T18:20:24.167-03:00;2022-11-02T21:43:18.061-03:00
VeggieTales in the City;childrens-animation;childrens-animation;2017-02-24;2 seasons, 26 episodes;2;26;23 min.;23;23;Ended;0;Children;English;2021-03-16T18:20:24.167-03:00;2022-11-02T21:43:18.061-03:00
Wet Hot American Summer: First Day of Camp;satirical comedy;satirical,comedy;2015-07-31;8 episodes;0;8;27–30 min.;27;30;Miniseries;0;Comedy;English;2021-03-16T18:20:24.167-03:00;2022-11-02T21:43:18.061-03:00
The OA;mystery;mystery;2016-12-16;2 parts, 16 episodes;0;16;31–71 min.;31;71;Pending;1;Drama;English;2021-03-16T18:20:24.167-03:00;2022-11-02T21:43:18.061-03:00
The Rain;post-apocalyptic drama;post-apocalyptic,drama;2018-05-04;2 seasons, 14 episodes;2;14;36–49 min.;36;49;Renewed;1;ForeignLanguage;Danish;2021-03-16T18:20:24.167-03:00;2022-11-02T21:43:18.061-03:00
House of Cards;political drama;political,drama;2013-02-01;6 seasons, 73 episodes;6;73;42–59 min.;42;59;Ended;0;Drama;English;2021-03-16T18:20:24.167-03:00;2022-11-02T21:43:18.061-03:00
Aggretsuko;comedy;comedy;2018-04-20;2 seasons, 20 episodes;2;20;15–20 min.;15;20;Pending;1;Anime;English;2021-03-16T18:20:24.167-03:00;2022-11-02T21:43:18.061-03:00
Queer Eye;makeover reality;makeover,reality;2018-02-07;3 seasons, 24 episodes;3;24;43–52 min.;43;52;Renewed;1;Reality;English;2021-03-16T18:20:24.167-03:00;2022-11-02T21:43:18.061-03:00
Shadow;thriller;thriller;2019-03-08;1 season, 8 episodes;1;8;40–49 min.;40;49;Pending;1;Drama;English;2021-03-16T18:20:24.167-03:00;2022-11-02T21:43:18.061-03:00
The Dragon Prince;childrens-animation;childrens-animation;2018-09-14;2 seasons, 18 episodes;2;18;25–27 min.;25;27;Renewed;1;Children;English;2021-03-16T18:20:24.167-03:00;2022-11-02T21:43:18.061-03:00
Afflicted;docu-series;docu-series;2018-08-10;1 season, 7 episodes;1;7;37–46 min.;37;46;Pending;1;DocuSeries;English;2021-03-16T18:20:24.167-03:00;2022-11-02T21:43:18.061-03:00
Kong: King of the Apes;childrens-animation;childrens-animation;2016-04-15;2 seasons, 23 episodes;2;23;22–85 min.;22;85;Ended;0;Children;English;2021-03-16T18:20:24.167-03:00;2022-11-02T21:43:18.061-03:00
Beyond Stranger Things;aftershow;aftershow;2017-10-27;1 season, 7 episodes;1;7;15–25 min.;15;25;Pending;1;VarietyTalk;English;2021-03-16T18:20:24.167-03:00;2022-11-02T21:43:18.061-03:00
Tidelands;supernatural crime drama;supernatural,crime,drama;2018-12-14;1 season, 8 episodes;1;8;36–48 min.;36;48;Pending;1;Drama;English;2021-03-16T18:20:24.167-03:00;2022-11-02T21:43:18.061-03:00
Chambers;teen psychological thriller;teen,psychological,thriller;2019-04-26;1 season, 10 episodes;1;10;38–51 min.;38;51;Ended;0;Drama;English;2021-03-16T18:20:24.167-03:00;2022-11-02T21:43:18.061-03:00
The Haunting;horror anthology;horror,anthology;2018-10-12;1 season, 10 episodes;1;10;43–71 min.;43;71;Renewed;1;Drama;English;2021-03-16T18:20:24.167-03:00;2022-11-02T21:43:18.061-03:00
Popples;childrens-animation;childrens-animation;2015-10-30;3 seasons, 26 episodes;3;26;24 min.;24;24;Ended;0;Children;English;2021-03-16T18:20:24.167-03:00;2022-11-02T21:43:18.061-03:00
Alexa & Katie;sitcom;sitcom;2018-03-23;2 seasons, 23 episodes;2;23;22–30 min.;22;30;Renewed;1;Children;English;2021-03-16T18:20:24.167-03:00;2022-11-02T21:43:18.061-03:00
The Last Czars;docu-series;docu-series;2019-07-03;a ser anunciado;0;0;TBA;0;0;Pending;1;DocuSeries;English;2021-03-16T18:20:24.167-03:00;2022-11-02T21:43:18.061-03:00
Magic for Humans;reality;reality;2018-08-17;1 season, 6 episodes;1;6;22–25 min.;22;25;Renewed;1;Reality;English;2021-03-16T18:20:24.167-03:00;2022-11-02T21:43:18.061-03:00
Fastest Car;motoring television series;motoring,television,series;2018-04-06;1 season, 8 episodes;1;8;43–52 min.;43;52;Renewed;1;Reality;English;2021-03-16T18:20:24.167-03:00;2022-11-02T21:43:18.061-03:00
Dancing Queen;celebrity;celebrity;2018-10-05;1 season, 8 episodes;1;8;38–46 min.;38;46;Pending;1;Reality;English;2021-03-16T18:20:24.167-03:00;2022-11-02T21:43:18.061-03:00
Fuller House;sitcom;sitcom;2016-02-26;4 seasons, 57 episodes;4;57;24–36 min.;24;36;Renewed;1;Comedy;English;2021-03-16T18:20:24.167-03:00;2022-11-02T21:43:18.061-03:00
Skylanders Academy;childrens-animation;childrens-animation;2016-10-28;3 seasons, 38 episodes;3;38;24–44 min.;24;44;Ended;0;Children;English;2021-03-16T18:20:24.167-03:00;2022-11-02T21:43:18.061-03:00
Examination of Conscience;true crime;true,crime;2019-01-25;1 season, 3 episodes;1;3;51–54 min.;51;54;Pending;1;DocuSeries;English;2021-03-16T18:20:24.167-03:00;2022-11-02T21:43:18.061-03:00
Conversations with a Killer: The Ted Bundy Tapes;true crime;true,crime;2019-01-24;4 episodes;0;4;51–74 min.;51;74;Miniseries;0;DocuSeries;English;2021-03-16T18:20:24.167-03:00;2022-11-02T21:43:18.061-03:00
13 Reasons Why;teen drama/mystery;teen,drama,mystery;2017-03-31;2 seasons, 26 episodes;2;26;49–70 min.;49;70;Renewed;1;Drama;English;2021-03-16T18:20:24.167-03:00;2022-11-02T21:43:18.061-03:00
Maniac;dark comedy;dark,comedy;2018-09-21;10 episodes;0;10;27–47 min.;27;47;Miniseries;0;Comedy;English;2021-03-16T18:20:24.167-03:00;2022-11-02T21:43:18.061-03:00
Huge in France;comedy;comedy;2019-04-12;1 season, 8 episodes;1;8;28–34 min.;28;34;Pending;1;Comedy;English;2021-03-16T18:20:24.167-03:00;2022-11-02T21:43:18.061-03:00
The Chef Show;culinary art;culinary,art;2019-06-07;1 season, 8 episodes;1;8;26–33 min.;26;33;Pending;1;DocuSeries;English;2021-03-16T18:20:24.167-03:00;2022-11-02T21:43:18.061-03:00
Dear White People;satire/drama;satire,drama;2017-04-28;2 volumes, 20 episodes;0;20;21–36 min.;21;36;Renewed;1;Comedy;English;2021-03-16T18:20:24.167-03:00;2022-11-02T21:43:18.061-03:00
Hero Mask;crime;crime;2018-12-03;1 season, 15 episodes;1;15;25 min.;0;0;Pending;1;Anime;English;2021-03-16T18:20:24.167-03:00;2022-11-02T21:43:18.061-03:00
Kulipari: An Army of Frogs;childrens-animation;childrens-animation;2016-09-02;1 season, 13 episodes;1;13;22–23 min.;22;23;Ended;0;Children;English;2021-03-16T18:20:24.167-03:00;2022-11-02T21:43:18.061-03:00
Typewriter;horror;horror;2019-07-19;a ser anunciado;0;0;TBA;0;0;Pending;1;ForeignLanguage;Hindi;2021-03-16T18:20:24.167-03:00;2022-11-02T21:43:18.061-03:00
The Dark Crystal: Age of Resistance;fantasy;fantasy;2019-08-30;1 season, 10 episodes;1;10;TBA;0;0;Pending;1;Drama;English;2021-03-16T18:20:24.167-03:00;2022-11-02T21:43:18.061-03:00
Big Mouth;coming-of-age comedy;coming-of-age,comedy;2017-09-29;2 seasons, 21 episodes;2;21;25–46 min.;25;46;Renewed;1;Animation;English;2021-03-16T18:20:24.167-03:00;2022-11-02T21:43:18.061-03:00
It's Bruno!;comedy;comedy;2019-05-17;1 season, 8 episodes;1;8;12–21 min.;12;21;Pending;1;Comedy;English;2021-03-16T18:20:24.167-03:00;2022-11-02T21:43:18.061-03:00
Edha;drama;drama;2018-03-16;1 season, 10 episodes;1;10;38–43 min.;38;43;Ended;0;ForeignLanguage;Spanish;2021-03-16T18:20:24.167-03:00;2022-11-02T21:43:18.061-03:00
Diablero;horror fantasy thriller;horror,fantasy,thriller;2018-12-21;1 season, 8 episodes;1;8;36–44 min.;36;44;Renewed;1;ForeignLanguage;Spanish;2021-03-16T18:20:24.167-03:00;2022-11-02T21:43:18.061-03:00
Jailbirds;reality television;reality,television;2019-05-10;1 season, 10 episodes;1;10;37–47 min.;37;47;Pending;1;Reality;English;2021-03-16T18:20:24.167-03:00;2022-11-02T21:43:18.061-03:00
White Rabbit Project;science investigation;science,investigation;2016-12-09;1 season, 10 episodes;1;10;45–48 min.;45;48;Ended;0;Reality;English;2021-03-16T18:20:24.167-03:00;2022-11-02T21:43:18.061-03:00
Best.Worst.Weekend.Ever.;comedy;comedy;2018-10-19;8 episodes;0;8;22–28 min.;22;28;Miniseries;0;Children;English;2021-03-16T18:20:24.167-03:00;2022-11-02T21:43:18.061-03:00
Chef's Table;culinary art;culinary,art;2015-04-26;6 volumes, 30 episodes;0;30;42–58 min.;42;58;Renewed;1;DocuSeries;English;2021-03-16T18:20:24.167-03:00;2022-11-02T21:43:18.061-03:00
Ugly Delicious;travel documentary;travel,documentary;2018-02-23;1 season, 8 episodes;1;8;46–55 min.;46;55;Renewed;1;DocuSeries;English;2021-03-16T18:20:24.167-03:00;2022-11-02T21:43:18.061-03:00
Super Drags;superhero-lgbt comedy;superhero-lgbt,comedy;2018-11-09;1 season, 5 episodes;1;5;23–26 min.;23;26;Ended;0;Animation;English;2021-03-16T18:20:24.167-03:00;2022-11-02T21:43:18.061-03:00
Crime Diaries: Night Out;crime anthology series;crime,anthology,series;2019-05-03;8 episodes;0;8;38–48 min.;38;48;Miniseries;0;ForeignLanguage;Spanish;2021-03-16T18:20:24.167-03:00;2022-11-02T21:43:18.061-03:00
Neo Yokio;science fantasy comedy;science,fantasy,comedy;2017-09-22;2 seasons, 7 episodes;2;7;20–65 min.;20;65;Ended;0;Anime;English;2021-03-16T18:20:24.167-03:00;2022-11-02T21:43:18.061-03:00
Fire Chasers;miniseries;miniseries;2017-09-08;4 episodes;0;4;50–58 min.;50;58;Miniseries;0;DocuSeries;English;2021-03-16T18:20:24.167-03:00;2022-11-02T21:43:18.061-03:00
The Curious Creations of Christine McConnell;cooking show;cooking,show;2018-10-12;1 season, 6 episodes;1;6;24–29 min.;24;29;Ended;0;Reality;English;2021-03-16T18:20:24.167-03:00;2022-11-02T21:43:18.061-03:00
Bloodline;thriller;thriller;2015-03-20;3 seasons, 33 episodes;3;33;48–68 min.;48;68;Ended;0;Drama;English;2021-03-16T18:20:24.167-03:00;2022-11-02T21:43:18.061-03:00
American Vandal;mockumentary;mockumentary;2017-09-15;2 seasons, 16 episodes;2;16;26–42 min.;26;42;Ended;0;Comedy;English;2021-03-16T18:20:24.167-03:00;2022-11-02T21:43:18.061-03:00
On My Block;coming-of-age comedy;coming-of-age,comedy;2018-03-16;2 seasons, 20 episodes;2;20;23–32 min.;23;32;Renewed;1;Comedy;English;2021-03-16T18:20:24.167-03:00;2022-11-02T21:43:18.061-03:00
Brainchild;educational;educational;2018-11-02;1 season, 13 episodes;1;13;22–25 min.;22;25;Pending;1;Children;English;2021-03-16T18:20:24.167-03:00;2022-11-02T21:43:18.061-03:00
What/If;social thriller anthology;social,thriller,anthology;2019-05-24;1 part, 10 episodes;0;10;44–58 min.;44;58;Pending;1;Drama;English;2021-03-16T18:20:24.167-03:00;2022-11-02T21:43:18.061-03:00
Malibu Rescue: The Series;comedy;comedy;2019-06-03;1 season, 8 episodes;1;8;22–26 min.;22;26;Pending;1;Children;English;2021-03-16T18:20:24.167-03:00;2022-11-02T21:43:18.061-03:00
Larva Island;childrens-animation;childrens-animation;2018-10-19;2 seasons, 26 episodes;2;26;8 min.;8;8;Pending;1;Children;English;2021-03-16T18:20:24.167-03:00;2022-11-02T21:43:18.061-03:00
Dance & Sing with True;chrildrens musical short;chrildrens,musical,short;2018-05-18;1 season, 11 episodes;1;11;2 min.;2;2;Pending;1;Children;English;2021-03-16T18:20:24.167-03:00;2022-11-02T21:43:18.061-03:00
Dogs of Berlin;drama;drama;2018-12-07;1 season, 10 episodes;1;10;51–62 min.;51;62;Pending;1;ForeignLanguage;German;2021-03-16T18:20:24.167-03:00;2022-11-02T21:43:18.061-03:00
Dope;documentary;documentary;2017-12-22;2 seasons, 8 episodes;2;8;43–48 min.;43;48;Renewed;1;DocuSeries;English;2021-03-16T18:20:24.167-03:00;2022-11-02T21:43:18.061-03:00
The Good Cop;police procedural comedy-drama;police,procedural,comedy-drama;2018-09-21;1 season, 10 episodes;1;10;43–49 min.;43;49;Ended;0;Drama;English;2021-03-16T18:20:24.167-03:00;2022-11-02T21:43:18.061-03:00
Llama Llama;childrens-animation;childrens-animation;2018-01-26;1 season, 15 episodes;1;15;24 min.;24;24;Renewed;1;Children;English;2021-03-16T18:20:24.167-03:00;2022-11-02T21:43:18.061-03:00
Dragons: Race to the Edge;childrens-animation;childrens-animation;2015-06-26;6 seasons, 78 episodes;6;78;22–23 min.;22;23;Ended;0;Children;English;2021-03-16T18:20:24.167-03:00;2022-11-02T21:43:18.061-03:00
A Series of Unfortunate Events;black-comedy mystery;black-comedy,mystery;2017-01-13;3 seasons, 25 episodes;3;25;36–64 min.;36;64;Ended;0;Drama;English;2021-03-16T18:20:24.167-03:00;2022-11-02T21:43:18.061-03:00
FightWorld;travel documentary;travel,documentary;2018-10-12;1 season, 5 episodes;1;5;41–44 min.;41;44;Pending;1;DocuSeries;English;2021-03-16T18:20:24.167-03:00;2022-11-02T21:43:18.061-03:00
The Who Was? Show;educational;educational;2018-05-11;1 season, 13 episodes;1;13;23–27 min.;23;27;Pending;1;Children;English;2021-03-16T18:20:24.167-03:00;2022-11-02T21:43:18.061-03:00
Always a Witch;supernatural drama;supernatural,drama;2019-02-01;1 season, 10 episodes;1;10;39–43 min.;39;43;Renewed;1;ForeignLanguage;Spanish;2021-03-16T18:20:24.167-03:00;2022-11-02T21:43:18.061-03:00
Cricket Fever: Mumbai Indians;sport;sport;2019-03-01;1 season, 8 episodes;1;8;33–44 min.;33;44;Pending;1;DocuSeries;English;2021-03-16T18:20:24.167-03:00;2022-11-02T21:43:18.061-03:00
7 Days Out;docu-series;docu-series;2018-12-21;1 season, 6 episodes;1;6;47–48 min.;47;48;Pending;1;DocuSeries;English;2021-03-16T18:20:24.167-03:00;2022-11-02T21:43:18.061-03:00
0.03;science fiction;science-fiction;2016-11-25;3 seasons, 26 episodes;3;26;38–51 min.;38;51;Pending;1;ForeignLanguage;Portuguese;2021-03-16T18:20:24.167-03:00;2022-11-02T21:43:18.061-03:00
Marco Polo;historical drama;historical,drama;2014-12-12;2 seasons, 20 episodes;2;20;48–65 min.;48;65;Ended;0;Drama;English;2021-03-16T18:20:24.167-03:00;2022-11-02T21:43:18.061-03:00
Lady Dynamite;comedy;comedy;2016-05-20;2 seasons, 20 episodes;2;20;26–36 min.;26;36;Ended;0;Comedy;English;2021-03-16T18:20:24.167-03:00;2022-11-02T21:43:18.061-03:00
Sword Gai: The Animation;supernatural;supernatural;2018-03-23;2 seasons, 24 episodes;2;24;22–23 min.;22;23;Pending;1;Anime;English;2021-03-16T18:20:24.167-03:00;2022-11-02T21:43:18.061-03:00
All Hail King Julien: Exiled;childrens-animation;childrens-animation;2017-05-12;1 season, 13 episodes;1;13;23 min.;23;23;Ended;0;Children;English;2021-03-16T18:20:24.167-03:00;2022-11-02T21:43:18.061-03:00
Awake: The Million Dollar Game;reality television;reality,television;2019-06-14;1 season, 8 episodes;1;8;35–41 min.;35;41;Pending;1;Reality;English;2021-03-16T18:20:24.167-03:00;2022-11-02T21:43:18.061-03:00
Inside the Real Narcos;docu-series;docu-series;2018-12-14;1 season, 3 episodes;1;3;45–46 min.;45;46;Pending;1;DocuSeries;English;2021-03-16T18:20:24.167-03:00;2022-11-02T21:43:18.061-03:00
BoJack Horseman;black comedy-drama;black,comedy-drama;2014-08-22;5 seasons, 61 episodes;5;61;25–26 min.;25;26;Renewed;1;Animation;English;2021-03-16T18:20:24.167-03:00;2022-11-02T21:43:18.061-03:00
Switched;science fiction;science-fiction;2018-08-01;1 season, 6 episodes;1;6;33–44 min.;33;44;Ended;0;ForeignLanguage;Japanese;2021-03-16T18:20:24.167-03:00;2022-11-02T21:43:18.061-03:00
The Toys That Made Us;documentary;documentary;2017-12-22;2 seasons, 8 episodes;2;8;43–51 min.;43;51;Renewed;1;DocuSeries;English;2021-03-16T18:20:24.167-03:00;2022-11-02T21:43:18.061-03:00
Super Monsters Monster Party;chrildrens musical short;chrildrens,musical,short;2018-09-14;1 season, 4 episodes;1;4;2 min.;2;2;Pending;1;Children;English;2021-03-16T18:20:24.167-03:00;2022-11-02T21:43:18.061-03:00
72 Dangerous Animals: Asia;nature;nature;2018-08-10;1 season, 12 episodes;1;12;44–48 min.;44;48;Pending;1;DocuSeries;English;2021-03-16T18:20:24.167-03:00;2022-11-02T21:43:18.061-03:00
Girlboss;comedy;comedy;2017-04-21;1 season, 13 episodes;1;13;24–29 min.;24;29;Ended;0;Comedy;English;2021-03-16T18:20:24.167-03:00;2022-11-02T21:43:18.061-03:00
Suburra: Blood on Rome;crime drama;crime,drama;2017-10-06;2 seasons, 18 episodes;2;18;42–62 min.;42;62;Renewed;1;ForeignLanguage;Italian;2021-03-16T18:20:24.167-03:00;2022-11-02T21:43:18.061-03:00
Hot Girls Wanted: Turned On;documentary;documentary;2017-04-21;6 episodes;0;6;41–58 min.;41;58;Miniseries;0;DocuSeries;English;2021-03-16T18:20:24.167-03:00;2022-11-02T21:43:18.061-03:00
Haunted;horror;horror;2018-10-19;1 season, 6 episodes;1;6;20–31 min.;20;31;Pending;1;Reality;English;2021-03-16T18:20:24.167-03:00;2022-11-02T21:43:18.061-03:00
Nailed It! Mexico;reality;reality;2019-02-08;1 season, 6 episodes;1;6;32–34 min.;32;34;Pending;1;Reality;English;2021-03-16T18:20:24.167-03:00;2022-11-02T21:43:18.061-03:00
Justin Time GO!;childrens-animation;childrens-animation;2016-06-24;1 season, 13 episodes;1;13;22 min.;22;22;Ended;0;Children;English;2021-03-16T18:20:24.167-03:00;2022-11-02T21:43:18.061-03:00
Yankee;drama;drama;2019-06-14;1 season, 25 episodes;1;25;36–44 min.;36;44;Pending;1;ForeignLanguage;Spanish;2021-03-16T18:20:24.167-03:00;2022-11-02T21:43:18.061-03:00
72 Dangerous Animals: Latin America;nature;nature;2017-12-22;1 season, 12 episodes;1;12;41–46 min.;41;46;Ended;0;DocuSeries;English;2021-03-16T18:20:24.167-03:00;2022-11-02T21:43:18.061-03:00
1994;docu-series;docu-series;2019-05-17;5 episodes;0;5;44–52 min.;44;52;Miniseries;0;DocuSeries;English;2021-03-16T18:20:24.167-03:00;2022-11-02T21:43:18.061-03:00
Captive;documentary;documentary;2016-12-09;8 episodes;0;8;59–73 min.;59;73;Miniseries;0;DocuSeries;English;2021-03-16T18:20:24.167-03:00;2022-11-02T21:43:18.061-03:00
Trolls: The Beat Goes On!;childrens-animation;childrens-animation;2018-01-19;6 seasons, 38 episodes;6;38;24–25 min.;24;25;Pending;1;Children;English;2021-03-16T18:20:24.167-03:00;2022-11-02T21:43:18.061-03:00
Russell Peters Vs. the World;comedy;comedy;2013-10-03;1 season, 4 episodes;1;4;26–29 min.;26;29;Ended;0;DocuSeries;English;2021-03-16T18:20:24.167-03:00;2022-11-02T21:43:18.061-03:00
Greenhouse Academy;science fiction/teen drama;science-fiction,teen,drama;2017-09-08;2 seasons, 24 episodes;2;24;21–28 min.;21;28;Renewed;1;Children;English;2021-03-16T18:20:24.167-03:00;2022-11-02T21:43:18.061-03:00
Wild Wild Country;documentary;documentary;2018-03-16;6 episodes;0;6;64–72 min.;64;72;Miniseries;0;DocuSeries;English;2021-03-16T18:20:24.167-03:00;2022-11-02T21:43:18.061-03:00
Motown Magic;childrens-animation;childrens-animation;2018-11-20;1 season, 25 episodes;1;25;15–26 min.;15;26;Renewed;1;Children;English;2021-03-16T18:20:24.167-03:00;2022-11-02T21:43:18.061-03:00
The Umbrella Academy;superhero action;superhero,action;2019-02-15;1 season, 10 episodes;1;10;45–60 min.;45;60;Renewed;1;Drama;English;2021-03-16T18:20:24.167-03:00;2022-11-02T21:43:18.061-03:00
Kulipari: Dream Walker;childrens-animation;childrens-animation;2018-11-20;1 season, 10 episodes;1;10;23 min.;23;23;Pending;1;Children;English;2021-03-16T18:20:24.167-03:00;2022-11-02T21:43:18.061-03:00
The Ponysitters Club;drama;drama;2018-08-10;2 seasons, 20 episodes;2;20;23 min.;23;23;Pending;1;Children;English;2021-03-16T18:20:24.167-03:00;2022-11-02T21:43:18.061-03:00
A Little Help with Carol Burnett;variety show;variety,show;2018-05-04;1 season, 12 episodes;1;12;21–29 min.;21;29;Ended;0;VarietyTalk;English;2021-03-16T18:20:24.167-03:00;2022-11-02T21:43:18.061-03:00
Castlevania;dark fantasy;dark,fantasy;2017-07-07;2 seasons, 12 episodes;2;12;23–29 min.;23;29;Renewed;1;Anime;English;2021-03-16T18:20:24.167-03:00;2022-11-02T21:43:18.061-03:00
Narcos: Mexico;crime drama;crime,drama;2018-11-16;1 season, 10 episodes;1;10;55–70 min.;55;70;Renewed;1;Drama;English;2021-03-16T18:20:24.167-03:00;2022-11-02T21:43:18.061-03:00
Trailer Park Boys Out of the Park: USA;mockumentary;mockumentary;2017-11-24;1 season, 8 episodes;1;8;23–35 min.;23;35;Ended;0;Comedy;English;2021-03-16T18:20:24.167-03:00;2022-11-02T21:43:18.061-03:00
A.I.C.O. -Incarnation-;science fiction;science-fiction;2018-03-09;1 season, 12 episodes;1;12;25–29 min.;25;29;Ended;0;Anime;English;2021-03-16T18:20:24.167-03:00;2022-11-02T21:43:18.061-03:00
Edgar Rice Burroughs' Tarzan and Jane;childrens-animation;childrens-animation;2017-01-06;2 seasons, 13 episodes;2;13;22 min.;22;22;Ended;0;Children;English;2021-03-16T18:20:24.167-03:00;2022-11-02T21:43:18.061-03:00
Marseille;political drama;political,drama;2016-05-05;2 seasons, 16 episodes;2;16;35–53 min.;35;53;Ended;0;ForeignLanguage;French;2021-03-16T18:20:24.167-03:00;2022-11-02T21:43:18.061-03:00
Dating Around;reality;reality;2019-02-14;1 season, 6 episodes;1;6;24–30 min.;24;30;Pending;1;Reality;English;2021-03-16T18:20:24.167-03:00;2022-11-02T21:43:18.061-03:00
Gypsy;psychological thriller;psychological,thriller;2017-06-30;1 season, 10 episodes;1;10;46–58 min.;46;58;Ended;0;Drama;English;2021-03-16T18:20:24.167-03:00;2022-11-02T21:43:18.061-03:00
Selling Sunset;reality;reality;2019-03-22;1 season, 8 episodes;1;8;28–42 min.;28;42;Pending;1;Reality;English;2021-03-16T18:20:24.167-03:00;2022-11-02T21:43:18.061-03:00
The Order;supernatural horror drama;supernatural,horror,drama;2019-03-07;1 season, 10 episodes;1;10;42–51 min.;42;51;Renewed;1;Drama;English;2021-03-16T18:20:24.167-03:00;2022-11-02T21:43:18.061-03:00
The Keepers;crime drama;crime,drama;2017-05-19;7 episodes;0;7;56–66 min.;56;66;Miniseries;0;DocuSeries;English;2021-03-16T18:20:24.167-03:00;2022-11-02T21:43:18.061-03:00
Cooked;culinary art;culinary,art;2016-02-19;4 episodes;0;4;50–58 min.;50;58;Miniseries;0;DocuSeries;English;2021-03-16T18:20:24.167-03:00;2022-11-02T21:43:18.061-03:00
The Defenders;superhero action/drama;superhero,action,drama;2017-08-18;8 episodes;0;8;44–57 min.;44;57;Miniseries;0;Marvel;English;2021-03-16T18:20:24.167-03:00;2022-11-02T21:43:18.061-03:00
Jimmy: The True Story of a True Idiot;comedy;comedy;2018-07-20;1 season, 9 episodes;1;9;39–64 min.;39;64;Pending;1;ForeignLanguage;Japanese;2021-03-16T18:20:24.167-03:00;2022-11-02T21:43:18.061-03:00
Chef's Table: France;culinary art;culinary,art;2016-09-02;1 season, 4 episodes;1;4;41–54 min.;41;54;Ended;0;DocuSeries;English;2021-03-16T18:20:24.167-03:00;2022-11-02T21:43:18.061-03:00
The Innocent Man;true crime;true,crime;2018-12-14;6 episodes;0;6;42–52 min.;42;52;Miniseries;0;DocuSeries;English;2021-03-16T18:20:24.167-03:00;2022-11-02T21:43:18.061-03:00
Kingdom;fantasy;fantasy;2019-01-25;1 season, 6 episodes;1;6;44–57 min.;44;57;Renewed;1;ForeignLanguage;Korean;2021-03-16T18:20:24.167-03:00;2022-11-02T21:43:18.061-03:00
Dirty Money;documentary;documentary;2018-01-26;1 season, 6 episodes;1;6;50–77 min.;50;77;Renewed;1;DocuSeries;English;2021-03-16T18:20:24.167-03:00;2022-11-02T21:43:18.061-03:00
Vai Anitta;docu-series;docu-series;2018-11-16;1 season, 6 episodes;1;6;25–35 min.;25;35;Pending;1;DocuSeries;English;2021-03-16T18:20:24.167-03:00;2022-11-02T21:43:18.061-03:00
Patriot Act with Hasan Minhaj;talk show;talk,show;2018-10-28;3 volumes, 19 episodes;0;19;23–30 min.;23;30;Renewed;1;VarietyTalk;English;2021-03-16T18:20:24.167-03:00;2022-11-02T21:43:18.061-03:00
Lunatics;comedy;comedy;2019-04-19;1 season, 10 episodes;1;10;33–38 min.;33;38;Pending;1;Comedy;English;2021-03-16T18:20:24.167-03:00;2022-11-02T21:43:18.061-03:00
Hilda;childrens-animation;childrens-animation;2018-09-21;1 season, 13 episodes;1;13;24 min.;24;24;Renewed;1;Children;English;2021-03-16T18:20:24.167-03:00;2022-11-02T21:43:18.061-03:00
The Innocents;supernatural fiction;supernatural,fiction;2018-08-24;1 season, 8 episodes;1;8;46–56 min.;46;56;Ended;0;Drama;English;2021-03-16T18:20:24.167-03:00;2022-11-02T21:43:18.061-03:00
Unbreakable Kimmy Schmidt;comedy;comedy;2015-03-06;4 seasons, 51 episodes;4;51;23–53 min.;23;53;Ended;0;Comedy;English;2021-03-16T18:20:24.167-03:00;2022-11-02T21:43:18.061-03:00
Mr. Iglesias;comedy;comedy;2019-06-21;1 season, 10 episodes;1;10;26–31 min.;26;31;Pending;1;Comedy;English;2021-03-16T18:20:24.167-03:00;2022-11-02T21:43:18.061-03:00
1983;spy thriller;spy,thriller;2018-11-30;1 season, 8 episodes;1;8;50–63 min.;50;63;Renewed;1;ForeignLanguage;Polish;2021-03-16T18:20:24.167-03:00;2022-11-02T21:43:18.061-03:00
Baby;drama;drama;2018-11-30;1 season, 6 episodes;1;6;40–49 min.;40;49;Renewed;1;ForeignLanguage;Italian;2021-03-16T18:20:24.167-03:00;2022-11-02T21:43:18.061-03:00
Trailer Park Boys: The Animated Series;mockumentary;mockumentary;2019-03-31;1 season, 10 episodes;1;10;24–25 min.;24;25;Pending;1;Animation;English;2021-03-16T18:20:24.167-03:00;2022-11-02T21:43:18.061-03:00
Nailed It! Holiday;reality competition;reality,competition;2018-12-07;1 season, 7 episodes;1;7;33–35 min.;33;35;Pending;1;Reality;English;2021-03-16T18:20:24.167-03:00;2022-11-02T21:43:18.061-03:00
Orange Is the New Black;comedy-drama;comedy-drama;2013-07-11;6 seasons, 78 episodes;6;78;50–92 min.;50;92;Renewed;1;Drama;English;2021-03-16T18:20:24.167-03:00;2022-11-02T21:43:18.061-03:00
B: The Beginning;suspense;suspense;2018-03-02;1 season, 12 episodes;1;12;25–27 min.;25;27;Renewed;1;Anime;English;2021-03-16T18:20:24.167-03:00;2022-11-02T21:43:18.061-03:00
The Get Down;musical drama;musical,drama;2016-08-12;2 parts, 11 episodes;0;11;50–93 min.;50;93;Ended;0;Drama;English;2021-03-16T18:20:24.167-03:00;2022-11-02T21:43:18.061-03:00
Devilman Crybaby;supernatural horror;supernatural,horror;2018-01-05;10 episodes;0;10;24–28 min.;24;28;Miniseries;0;Anime;English;2021-03-16T18:20:24.167-03:00;2022-11-02T21:43:18.061-03:00
Trollhunters: Tales of Arcadia;childrens-animation;childrens-animation;2016-12-23;3 parts, 52 episodes;0;52;23 min.;23;23;Ended;0;Children;English;2021-03-16T18:20:24.167-03:00;2022-11-02T21:43:18.061-03:00
Buddy Thunderstruck;childrens-animation;childrens-animation;2017-03-10;1 season, 12 episodes;1;12;13–24 min.;13;24;Ended;0;Children;English;2021-03-16T18:20:24.167-03:00;2022-11-02T21:43:18.061-03:00
My Only Love Song;comedy;comedy;2017-06-09;1 season, 20 episodes;1;20;27–30 min.;27;30;Ended;0;ForeignLanguage;Korean;2021-03-16T18:20:24.167-03:00;2022-11-02T21:43:18.061-03:00
Somebody Feed Phil;travel documentary;travel,documentary;2018-01-12;2 seasons, 12 episodes;2;12;55–63 min.;55;63;Renewed;1;DocuSeries;English;2021-03-16T18:20:24.167-03:00;2022-11-02T21:43:18.061-03:00
Nailed It!;competition;competition;2018-03-09;3 seasons, 19 episodes;3;19;12–35 min.;12;35;Pending;1;Reality;English;2021-03-16T18:20:24.167-03:00;2022-11-02T21:43:18.061-03:00
The Joel McHale Show with Joel McHale;comedy;comedy;2018-02-18;2 parts, 19 episodes;0;19;22–28 min.;22;28;Ended;0;VarietyTalk;English;2021-03-16T18:20:24.167-03:00;2022-11-02T21:43:18.061-03:00
Mystery Science Theater 3000: The Return;comic science fiction;comic,science-fiction;2017-04-14;2 seasons, 20 episodes;2;20;86–94 min.;86;94;Pending;1;Comedy;English;2021-03-16T18:20:24.167-03:00;2022-11-02T21:43:18.061-03:00
Care Bears and Cousins;childrens-animation;childrens-animation;2015-11-06;2 seasons, 12 episodes;2;12;22 min.;22;22;Ended;0;Children;English;2021-03-16T18:20:24.167-03:00;2022-11-02T21:43:18.061-03:00
The Magic School Bus Rides Again;childrens-animation;childrens-animation;2017-09-29;2 seasons, 26 episodes;2;26;25 min.;25;25;Ended;0;Children;English;2021-03-16T18:20:24.167-03:00;2022-11-02T21:43:18.061-03:00
Free Rein;teen drama;teen,drama;2017-06-22;2 seasons, 20 episodes;2;20;25–34 min.;25;34;Renewed;1;Children;English;2021-03-16T18:20:24.167-03:00;2022-11-02T21:43:18.061-03:00
The Alcàsser Murders;true crime;true,crime;2019-06-14;1 season, 5 episodes;1;5;53–66 min.;53;66;Pending;1;DocuSeries;English;2021-03-16T18:20:24.167-03:00;2022-11-02T21:43:18.061-03:00
Last Chance U;sport;sport;2016-07-29;3 parts, 23 episodes;0;23;50–76 min.;50;76;Renewed;1;DocuSeries;English;2021-03-16T18:20:24.167-03:00;2022-11-02T21:43:18.061-03:00
Atypical;coming-of-age comedy;coming-of-age,comedy;2017-08-11;2 seasons, 18 episodes;2;18;26–38 min.;26;38;Renewed;1;Comedy;English;2021-03-16T18:20:24.167-03:00;2022-11-02T21:43:18.061-03:00
Harvey Girls Forever!;childrens-animation;childrens-animation;2018-06-29;2 seasons, 26 episodes;2;26;24 min.;24;24;Pending;1;Children;English;2021-03-16T18:20:24.167-03:00;2022-11-02T21:43:18.061-03:00
Project Mc2;comedy;comedy;2016-08-07;6 parts, 26 episodes;0;26;22–34 min.;22;34;Ended;0;Children;English;2021-03-16T18:20:24.167-03:00;2022-11-02T21:43:18.061-03:00
Exhibit A;true crime;true,crime;2019-06-28;a ser anunciado;0;0;TBA;0;0;Pending;1;DocuSeries;English;2021-03-16T18:20:24.167-03:00;2022-11-02T21:43:18.061-03:00
Turn Up Charlie;comedy;comedy;2019-03-15;1 season, 8 episodes;1;8;25–29 min.;25;29;Pending;1;Comedy;English;2021-03-16T18:20:24.167-03:00;2022-11-02T21:43:18.061-03:00
The Mr. Peabody & Sherman Show;childrens-animation;childrens-animation;2015-10-09;4 seasons, 52 episodes;4;52;23 min.;23;23;Ended;0;Children;English;2021-03-16T18:20:24.167-03:00;2022-11-02T21:43:18.061-03:00
Special;comedy;comedy;2019-04-12;1 season, 8 episodes;1;8;12–17 min.;12;17;Pending;1;Comedy;English;2021-03-16T18:20:24.167-03:00;2022-11-02T21:43:18.061-03:00
Tidying Up with Marie Kondo;reality show;reality,show;2019-01-01;1 season, 8 episodes;1;8;35–47 min.;35;47;Pending;1;Reality;English;2021-03-16T18:20:24.167-03:00;2022-11-02T21:43:18.061-03:00
Russian Doll;comedy;comedy;2019-02-01;1 season, 8 episodes;1;8;25–30 min.;25;30;Renewed;1;Comedy;English;2021-03-16T18:20:24.167-03:00;2022-11-02T21:43:18.061-03:00
Lego Elves: Secrets of Elvendale;childrens-animation;childrens-animation;2017-09-01;1 season, 8 episodes;1;8;24–25 min.;24;24;Ended;0;Children;English;2021-03-16T18:20:24.167-03:00;2022-11-02T21:43:18.061-03:00
Evil Genius: The True Story of America's Most Diabolical Bank Heist;true crime;true,crime;2018-05-11;4 episodes;0;4;46–54 min.;46;54;Miniseries;0;DocuSeries;English;2021-03-16T18:20:24.167-03:00;2022-11-02T21:43:18.061-03:00
Norm Macdonald Has a Show;talk show;talk,show;2018-09-14;1 season, 10 episodes;1;10;26–35 min.;26;35;Pending;1;VarietyTalk;English;2021-03-16T18:20:24.167-03:00;2022-11-02T21:43:18.061-03:00
Gilmore Girls: A Year in the Life;family drama;family,drama;2016-11-25;4 episodes;0;4;88–102 min.;88;102;Miniseries;0;Drama;English;2021-03-16T18:20:24.167-03:00;2022-11-02T21:43:18.061-03:00
After Life;comedy;comedy;2019-03-08;1 season, 6 episodes;1;6;25–31 min.;25;31;Renewed;1;Comedy;English;2021-03-16T18:20:24.167-03:00;2022-11-02T21:43:18.061-03:00
Rotten;documentary;documentary;2018-01-05;1 season, 6 episodes;1;6;48–58 min.;48;58;Ended;0;DocuSeries;English;2021-03-16T18:20:24.167-03:00;2022-11-02T21:43:18.061-03:00
Flint Town;documentary;documentary;2018-03-02;8 episodes;0;8;35–48 min.;35;48;Miniseries;0;DocuSeries;English;2021-03-16T18:20:24.167-03:00;2022-11-02T21:43:18.061-03:00
Ultimate Beastmaster;competition;competition;2017-02-24;3 seasons, 29 episodes;3;29;41–84 min.;41;84;Pending;1;Reality;English;2021-03-16T18:20:24.167-03:00;2022-11-02T21:43:18.061-03:00
The House of Flowers;comedy;comedy;2018-08-10;1 season, 13 episodes;1;13;27–37 min.;27;37;Renewed;1;ForeignLanguage;Spanish;2021-03-16T18:20:24.167-03:00;2022-11-02T21:43:18.061-03:00
Mighty Little Bheem;childrens-animation;childrens-animation;2019-04-12;1 season, 21 episodes;1;21;6–7 min.;6;7;Pending;1;Children;English;2021-03-16T18:20:24.167-03:00;2022-11-02T21:43:18.061-03:00
Blazing Transfer Students;action comedy;action,comedy;2017-11-10;1 season, 8 episodes;1;8;23–28 min.;23;28;Ended;0;ForeignLanguage;Japanese;2021-03-16T18:20:24.167-03:00;2022-11-02T21:43:18.061-03:00
Trailer Park Boys Out of the Park: Europe;mockumentary;mockumentary;2016-10-28;1 season, 8 episodes;1;8;22–30 min.;22;30;Ended;0;Comedy;English;2021-03-16T18:20:24.167-03:00;2022-11-02T21:43:18.061-03:00
Spirit Riding Free;childrens-animation;childrens-animation;2017-05-05;8 seasons, 52 episodes;8;52;23 min.;23;23;Pending;1;Children;English;2021-03-16T18:20:24.167-03:00;2022-11-02T21:43:18.061-03:00
Charlie's Colorforms City;childrens-animation;childrens-animation;2019-03-22;1 season, 13 episodes;1;13;25 min.;25;25;Pending;1;Children;English;2021-03-16T18:20:24.167-03:00;2022-11-02T21:43:18.061-03:00
YG Future Strategy Office;comedy;comedy;2018-10-05;1 season, 8 episodes;1;8;20–29 min.;20;29;Pending;1;ForeignLanguage;Korean;2021-03-16T18:20:24.167-03:00;2022-11-02T21:43:18.061-03:00
Black Summer;zombie drama;zombie,drama;2019-04-11;1 season, 8 episodes;1;8;21–45 min.;21;45;Pending;1;Drama;English;2021-03-16T18:20:24.167-03:00;2022-11-02T21:43:18.061-03:00
Dogs;docu-series;docu-series;2018-11-16;1 season, 6 episodes;1;6;50–53 min.;50;53;Renewed;1;DocuSeries;English;2021-03-16T18:20:24.167-03:00;2022-11-02T21:43:18.061-03:00
Narcos;crime drama;crime,drama;2015-08-28;3 seasons, 30 episodes;3;30;43–60 min.;43;60;Ended;0;Drama;English;2021-03-16T18:20:24.167-03:00;2022-11-02T21:43:18.061-03:00
The Crown;historical drama;historical,drama;2016-11-04;2 seasons, 20 episodes;2;20;54–61 min.;54;61;Renewed;1;Drama;English;2021-03-16T18:20:24.167-03:00;2022-11-02T21:43:18.061-03:00
Murder Mountain;true crime;true,crime;2018-12-28;1 season, 6 episodes;1;6;43 min.;0;0;Pending;1;DocuSeries;English;2021-03-16T18:20:24.167-03:00;2022-11-02T21:43:18.061-03:00
True: Wonderful Wishes;childrens-animation;childrens-animation;2018-06-15;1 season, 5 episodes;1;5;24 min.;24;24;Ended;0;Children;English;2021-03-16T18:20:24.167-03:00;2022-11-02T21:43:18.061-03:00
The Epic Tales of Captain Underpants;childrens-animation;childrens-animation;2018-07-13;2 seasons, 26 episodes;2;26;24 min.;24;24;Renewed;1;Children;English;2021-03-16T18:20:24.167-03:00;2022-11-02T21:43:18.061-03:00
Everything Sucks!;coming-of-age comedy;coming-of-age,comedy;2018-02-16;1 season, 10 episodes;1;10;23–27 min.;23;27;Ended;0;Comedy;English;2021-03-16T18:20:24.167-03:00;2022-11-02T21:43:18.061-03:00
Quicksand;crime drama;crime,drama;2019-04-05;1 season, 6 episodes;1;6;41–49 min.;41;49;Pending;1;ForeignLanguage;Swedish;2021-03-16T18:20:24.167-03:00;2022-11-02T21:43:18.061-03:00
You vs. Wild;interactive reality;interactive,reality;2019-04-10;1 season, 8 episodes;1;8;14–26 min.;14;26;Pending;1;Reality;English;2021-03-16T18:20:24.167-03:00;2022-11-02T21:43:18.061-03:00
The Politician;comedy;comedy;2019-09-27;a ser anunciado;0;0;TBA;0;0;Renewed;1;Comedy;English;2021-03-16T18:20:24.167-03:00;2022-11-02T21:43:18.061-03:00
Disenchantment;medieval fantasy comedy;medieval,fantasy,comedy;2018-08-17;1 part, 10 episodes;0;10;27–36 min.;27;36;Renewed;1;Animation;English;2021-03-16T18:20:24.167-03:00;2022-11-02T21:43:18.061-03:00
Sunderland 'Til I Die;sport;sport;2018-12-14;1 season, 8 episodes;1;8;37–46 min.;37;46;Pending;1;DocuSeries;English;2021-03-16T18:20:24.167-03:00;2022-11-02T21:43:18.061-03:00
Larry Charles: The Dangerous World of Comedy;docu-series;docu-series;2019-02-15;1 season, 4 episodes;1;4;51–66 min.;51;66;Pending;1;DocuSeries;English;2021-03-16T18:20:24.167-03:00;2022-11-02T21:43:18.061-03:00
Stay Here;reality;reality;2018-08-17;1 season, 8 episodes;1;8;31–33 min.;31;33;Pending;1;Reality;English;2021-03-16T18:20:24.167-03:00;2022-11-02T21:43:18.061-03:00
Insatiable;dark comedy-drama;dark,comedy-drama;2018-08-10;1 season, 12 episodes;1;12;40–53 min.;40;53;Renewed;1;Drama;English;2021-03-16T18:20:24.167-03:00;2022-11-02T21:43:18.061-03:00
Home: Adventures with Tip & Oh;childrens-animation;childrens-animation;2016-07-29;4 seasons, 52 episodes;4;52;22–24 min.;22;24;Ended;0;Children;English;2021-03-16T18:20:24.167-03:00;2022-11-02T21:43:18.061-03:00
Luna Petunia: Return to Amazia;childrens-animation;childrens-animation;2018-02-02;2 seasons, 11 episodes;2;11;24 min.;24;24;Ended;0;Children;English;2021-03-16T18:20:24.167-03:00;2022-11-02T21:43:18.061-03:00
Carmen Sandiego;childrens-animation;childrens-animation;2019-01-18;1 season, 9 episodes;1;9;23–33 min.;23;33;Renewed;1;Children;English;2021-03-16T18:20:24.167-03:00;2022-11-02T21:43:18.061-03:00
Most Beautiful Thing;period drama;period,drama;2019-03-22;1 season, 7 episodes;1;7;35–56 min.;35;56;Renewed;1;ForeignLanguage;Portuguese;2021-03-16T18:20:24.167-03:00;2022-11-02T21:43:18.061-03:00
Chelsea Does;comedy;comedy;2016-01-23;1 season, 4 episodes;1;4;62–74 min.;62;74;Ended;0;DocuSeries;English;2021-03-16T18:20:24.167-03:00;2022-11-02T21:43:18.061-03:00
Ask the StoryBots;childrens-animation;childrens-animation;2016-08-12;2 seasons, 14 episodes;2;14;20–28 min.;20;28;Renewed;1;Children;English;2021-03-16T18:20:24.167-03:00;2022-11-02T21:43:18.061-03:00
Richie Rich;sitcom;sitcom;2015-02-20;2 seasons, 21 episodes;2;21;21–23 min.;21;23;Ended;0;Children;English;2021-03-16T18:20:24.167-03:00;2022-11-02T21:43:18.061-03:00
Jessica Jones;neo-noir/psychological thriller;neo-noir,psychological,thriller;2015-11-20;3 seasons, 39 episodes;3;39;44–56 min.;44;56;Ended;0;Marvel;English;2021-03-16T18:20:24.167-03:00;2022-11-02T21:43:18.061-03:00
Paradise PD;comedy;comedy;2018-08-31;1 season, 10 episodes;1;10;27–30 min.;27;30;Renewed;1;Animation;English;2021-03-16T18:20:24.167-03:00;2022-11-02T21:43:18.061-03:00
Spy Kids: Mission Critical;childrens-animation;childrens-animation;2018-04-20;2 seasons, 20 episodes;2;20;23–25 min.;23;23;Pending;1;Children;English;2021-03-16T18:20:24.167-03:00;2022-11-02T21:43:18.061-03:00
The Break with Michelle Wolf;late-night;late-night;2018-05-27;1 season, 10 episodes;1;10;27 min.;27;27;Renewed;1;VarietyTalk;English;2021-03-16T18:20:24.167-03:00;2022-11-02T21:43:18.061-03:00
Love Alarm;romantic comedy;romantic,comedy;2019-08-22;a ser anunciado;0;0;TBA;0;0;Pending;1;ForeignLanguage;Korean;2021-03-16T18:20:24.167-03:00;2022-11-02T21:43:18.061-03:00
Voltron: Legendary Defender;childrens-animation;childrens-animation;2016-06-10;8 seasons, 78 episodes;8;78;23–68 min.;23;68;Ended;0;Children;English;2021-03-16T18:20:24.167-03:00;2022-11-02T21:43:18.061-03:00
The Day I Met El Chapo;biography;biography;2017-10-20;1 season, 3 episodes;1;3;48–61 min.;48;61;Ended;0;DocuSeries;English;2021-03-16T18:20:24.167-03:00;2022-11-02T21:43:18.061-03:00
The Society;mystery drama;mystery,drama;2019-05-10;1 season, 10 episodes;1;10;49–61 min.;49;61;Pending;1;Drama;English;2021-03-16T18:20:24.167-03:00;2022-11-02T21:43:18.061-03:00
The Kominsky Method;comedy;comedy;2018-11-16;1 season, 8 episodes;1;8;23–34 min.;23;34;Renewed;1;Comedy;English;2021-03-16T18:20:24.167-03:00;2022-11-02T21:43:18.061-03:00
Cupcake & Dino: General Services;childrens-animation;childrens-animation;2018-07-27;2 seasons, 26 episodes;2;26;22–23 min.;22;23;Pending;1;Children;English;2021-03-16T18:20:24.167-03:00;2022-11-02T21:43:18.061-03:00
Trinkets;coming-of-age drama;coming-of-age,drama;2019-06-14;1 season, 10 episodes;1;10;22–29 min.;22;29;Pending;1;Drama;English;2021-03-16T18:20:24.167-03:00;2022-11-02T21:43:18.061-03:00
Death by Magic;reality;reality;2018-11-30;1 season, 8 episodes;1;8;31–39 min.;31;39;Pending;1;Reality;English;2021-03-16T18:20:24.167-03:00;2022-11-02T21:43:18.061-03:00
Ingobernable;political drama;political,drama;2017-03-24;2 seasons, 27 episodes;2;27;32–50 min.;32;50;Pending;1;ForeignLanguage;Spanish;2021-03-16T18:20:24.167-03:00;2022-11-02T21:43:18.061-03:00
Persona;drama anthology series;drama,anthology,series;2019-04-11;1 season, 4 episodes;1;4;19–27 min.;19;27;Ended;0;ForeignLanguage;Korean;2021-03-16T18:20:24.167-03:00;2022-11-02T21:43:18.061-03:00
Legend Quest;childrens-animation;childrens-animation;2017-02-24;1 season, 13 episodes;1;13;22 min.;22;22;Renewed;1;Children;English;2021-03-16T18:20:24.167-03:00;2022-11-02T21:43:18.061-03:00
The Confession Tapes;true crime;true,crime;2017-09-08;2 seasons, 11 episodes;2;11;41–54 min.;41;54;Pending;1;DocuSeries;English;2021-03-16T18:20:24.167-03:00;2022-11-02T21:43:18.061-03:00
Go! Live Your Way;musical;musical;2019-02-22;2 seasons, 30 episodes;2;30;36–44 min.;36;44;Pending;1;ForeignLanguage;Spanish;2021-03-16T18:20:24.167-03:00;2022-11-02T21:43:18.061-03:00
Bobby Kennedy for President;history;history;2018-04-27;4 chapters;0;0;59–66 min.;59;66;Miniseries;0;DocuSeries;English;2021-03-16T18:20:24.167-03:00;2022-11-02T21:43:18.061-03:00
Boca Juniors Confidential;docu-series;docu-series;2018-09-14;1 season, 4 episodes;1;4;40–44 min.;40;44;Pending;1;DocuSeries;English;2021-03-16T18:20:24.167-03:00;2022-11-02T21:43:18.061-03:00
Kengan Ashura;action;action;2019-07-31;a ser anunciado;0;0;TBA;0;0;Pending;1;Anime;English;2021-03-16T18:20:24.167-03:00;2022-11-02T21:43:18.061-03:00
High Seas;mystery period drama;mystery,period,drama;2019-05-24;1 season, 8 episodes;1;8;39–49 min.;39;49;Renewed;1;ForeignLanguage;Spanish;2021-03-16T18:20:24.167-03:00;2022-11-02T21:43:18.061-03:00
True and the Rainbow Kingdom;childrens-animation;childrens-animation;2017-08-11;2 seasons, 14 episodes;2;14;24 min.;24;24;Renewed;1;Children;English;2021-03-16T18:20:24.167-03:00;2022-11-02T21:43:18.061-03:00
Super Monsters Monster Pets;childrens-animation;childrens-animation;2019-06-07;1 season, 5 episodes;1;5;9–12 min.;9;12;Pending;1;Children;English;2021-03-16T18:20:24.167-03:00;2022-11-02T21:43:18.061-03:00
Club de Cuervos Presents: The Ballad of Hugo Sánchez;comedy;comedy;2018-06-17;1 season, 6 episodes;1;6;29–37 min.;29;37;Ended;0;ForeignLanguage;Spanish;2021-03-16T18:20:24.167-03:00;2022-11-02T21:43:18.061-03:00
Delhi Crime;police procedural;police,procedural;2019-03-22;1 season, 7 episodes;1;7;45–64 min.;45;64;Pending;1;ForeignLanguage;Hindi;2021-03-16T18:20:24.167-03:00;2022-11-02T21:43:18.061-03:00
3Below: Tales of Arcadia;childrens-animation;childrens-animation;2018-12-21;1 part, 13 episodes;0;13;23–24 min.;23;24;Renewed;1;Children;English;2021-03-16T18:20:24.167-03:00;2022-11-02T21:43:18.061-03:00
Chasing Cameron;celebrity;celebrity;2016-12-27;1 season, 10 episodes;1;10;26–33 min.;26;33;Ended;0;Reality;English;2021-03-16T18:20:24.167-03:00;2022-11-02T21:43:18.061-03:00
Mindhunter;crime drama;crime,drama;2017-10-13;1 season, 10 episodes;1;10;34–60 min.;34;60;Renewed;1;Drama;English;2021-03-16T18:20:24.167-03:00;2022-11-02T21:43:18.061-03:00
Sense8;science fiction;science-fiction;2015-06-05;2 seasons, 24 episodes;2;24;45–152 min.;45;152;Ended;0;Drama;English;2021-03-16T18:20:24.167-03:00;2022-11-02T21:43:18.061-03:00
Stretch Armstrong and the Flex Fighters;childrens-animation;childrens-animation;2017-11-17;2 seasons, 23 episodes;2;23;23 min.;23;23;Pending;1;Children;English;2021-03-16T18:20:24.167-03:00;2022-11-02T21:43:18.061-03:00
Samantha!;comedy;comedy;2018-07-06;2 seasons, 14 episodes;2;14;25–37 min.;25;37;Pending;1;ForeignLanguage;Portuguese;2021-03-16T18:20:24.167-03:00;2022-11-02T21:43:18.061-03:00
Abstract: The Art of Design;biography;biography;2017-02-10;1 season, 8 episodes;1;8;41–48 min.;41;48;Ended;0;DocuSeries;English;2021-03-16T18:20:24.167-03:00;2022-11-02T21:43:18.061-03:00
Westside;music;music;2018-11-09;1 season, 8 episodes;1;8;46–58 min.;46;58;Pending;1;Reality;English;2021-03-16T18:20:24.167-03:00;2022-11-02T21:43:18.061-03:00
Daredevil;crime drama/legal drama;crime,drama,legal,drama;2015-04-10;3 seasons, 39 episodes;3;39;46–61 min.;46;61;Ended;0;Marvel;English;2021-03-16T18:20:24.167-03:00;2022-11-02T21:43:18.061-03:00
Ever After High;childrens-animation;childrens-animation;2013-05-30;5 seasons, 17 episodes;5;17;23–47 min.;23;47;Ended;0;Children;English;2021-03-16T18:20:24.167-03:00;2022-11-02T21:43:18.061-03:00
Drug Lords;documentary;documentary;2018-01-19;2 seasons, 8 episodes;2;8;42–47 min.;42;47;Ended;0;DocuSeries;English;2021-03-16T18:20:24.167-03:00;2022-11-02T21:43:18.061-03:00
The Mechanism;crime drama;crime,drama;2018-03-23;2 seasons, 16 episodes;2;16;39–55 min.;39;55;Pending;1;ForeignLanguage;Portuguese;2021-03-16T18:20:24.167-03:00;2022-11-02T21:43:18.061-03:00
The Fix;panel show;panel,show;2018-12-14;1 season, 10 episodes;1;10;23–31 min.;23;31;Pending;1;VarietyTalk;English;2021-03-16T18:20:24.167-03:00;2022-11-02T21:43:18.061-03:00
Jack Whitehall: Travels with My Father;travel documentary;travel,documentary;2017-09-22;2 seasons, 11 episodes;2;11;28–32 min.;28;32;Pending;1;DocuSeries;English;2021-03-16T18:20:24.167-03:00;2022-11-02T21:43:18.061-03:00
Master of None;comedy;comedy;2015-11-06;2 seasons, 20 episodes;2;20;21–57 min.;21;57;Ended;0;Comedy;English;2021-03-16T18:20:24.167-03:00;2022-11-02T21:43:18.061-03:00
Tuca & Bertie;comedy;comedy;2019-05-03;1 season, 10 episodes;1;10;25–26 min.;25;26;Pending;1;Animation;English;2021-03-16T18:20:24.167-03:00;2022-11-02T21:43:18.061-03:00
YooHoo to the Rescue;childrens-animation;childrens-animation;2019-03-15;1 season, 26 episodes;1;26;13–14 min.;13;14;Pending;1;Children;English;2021-03-16T18:20:24.167-03:00;2022-11-02T21:43:18.061-03:00
Ghoul;horror miniseries;horror,miniseries;2018-08-24;3 episodes;0;3;44–50 min.;44;50;Miniseries;0;ForeignLanguage;Hindi;2021-03-16T18:20:24.167-03:00;2022-11-02T21:43:18.061-03:00
The Adventures of Puss in Boots;childrens-animation;childrens-animation;2015-01-16;6 seasons, 78 episodes;6;78;22–24 min.;22;24;Ended;0;Children;English;2021-03-16T18:20:24.167-03:00;2022-11-02T21:43:18.061-03:00
Lego Friends: The Power of Friendship;childrens-animation;childrens-animation;2016-03-04;2 seasons, 4 episodes;2;4;22 min.;22;22;Ended;0;Children;English;2021-03-16T18:20:24.167-03:00;2022-11-02T21:43:18.061-03:00
World of Winx;childrens-animation;childrens-animation;2016-11-04;2 seasons, 26 episodes;2;26;24 min.;24;24;Ended;0;Children;English;2021-03-16T18:20:24.167-03:00;2022-11-02T21:43:18.061-03:00
Formula 1: Drive to Survive;sport;sport;2019-03-08;1 season, 10 episodes;1;10;27–41 min.;27;41;Pending;1;DocuSeries;English;2021-03-16T18:20:24.167-03:00;2022-11-02T21:43:18.061-03:00
Dark Tourist;travel documentary;travel,documentary;2018-07-20;1 season, 8 episodes;1;8;39–42 min.;39;42;Pending;1;DocuSeries;English;2021-03-16T18:20:24.167-03:00;2022-11-02T21:43:18.061-03:00
